"id","name","provider","level","amount","deadline","project_types","requirements","description","contact_info","application_url","created_at","updated_at","status","technology"
"1","179D Energy Efficient Commercial Buildings Tax Deduction","IRS (Enhanced by IRA)","federal","Up to $5.00/sq ft","Permanent","[""Commercial"",""HVAC"",""Lighting"",""Envelope"",""Hot Water""]","[""Minimum 25% energy savings"",""Prevailing wage for maximum deduction"",""Includes government building designers"",""ASHRAE 90.1 compliance""]","Tax deduction for energy efficient commercial building improvements, recently enhanced by the Inflation Reduction Act.","IRS.gov/Form8908","https://www.irs.gov/businesses/179d-commercial-buildings-energy-efficiency-tax-deduction","""2025-05-25T23:56:01.347Z""","""2025-05-25T23:56:01.347Z""","active","efficiency"
"2","45L New Energy Efficient Home Credit","IRS (IRA Enhanced)","federal","$2,500-$5,000/unit","Through 2032","[""New Construction"",""Multifamily"",""Energy Star""]","[""Energy Star certification required"",""$5,000 for Zero Energy Ready"",""Prevailing wage required"",""3 stories or less""]","Federal tax credit for builders of energy efficient residential homes and multifamily projects.","IRS.gov/Form8908","https://www.energystar.gov/partner_resources/residential_new/homes_prog_reqs/45l_fed_tax_credit","""2025-05-25T23:56:01.392Z""","""2025-05-25T23:56:01.392Z""","active","efficiency"
"3","Investment Tax Credit (ITC)","IRS","federal","30% of project cost","Through 2032","[""Solar"",""Storage"",""Geothermal""]","[""Commercial properties"",""Direct pay for non-profits"",""Domestic content bonus +10%"",""Energy community bonus +10%""]","Federal tax credit for solar, battery storage, and other renewable energy systems.","IRS.gov/Form3468","https://www.energy.gov/eere/solar/solar-investment-tax-credit-businesses","""2025-05-25T23:56:01.826Z""","""2025-05-25T23:56:01.826Z""","active","efficiency"
"4","NYS Clean Heat Program","NYSERDA","state","$1,500-$3,000/ton","Ongoing","[""Heat Pumps"",""Geothermal"",""VRF Systems""]","[""Air source or ground source"",""Must replace fossil fuel system"",""Qualified contractor required"",""Higher incentives in disadvantaged areas""]","Incentives for heat pump and geothermal installations in New York State buildings.","cleanheat@nyserda.ny.gov","https://www.nyserda.ny.gov/ny-clean-heat","""2025-05-25T23:56:01.848Z""","""2025-05-25T23:56:01.848Z""","active","efficiency"
"5","Con Edison C&I Energy Efficiency","Con Edison","utility","Up to $1M electric/$250K gas","Ongoing","[""Custom Measures"",""Prescriptive"",""Whole Building""]","["">100kW peak demand"",""50% cost cap per measure"",""Pre-approval required"",""Queens/Brooklyn bonus available""]","Rebates and incentives for energy efficiency projects in Con Edison service territory.","commercialprograms@coned.com","https://coned.com/en/save-money/rebates-incentives-tax-credits/rebates-incentives-tax-credits-for-commercial-industrial-buildings-customers","""2025-05-25T23:56:01.871Z""","""2025-05-25T23:56:01.871Z""","active","efficiency"
"6","NYC Accelerator PACE Financing","NYC Mayor's Office/NYCEEC","local","100% project cost","Ongoing","[""Long-term Finance"",""Energy Efficiency"",""Renewable Energy""]","[""Commercial & multifamily"",""20-year terms available"",""No upfront cash required"",""LL97 compliance projects eligible""]","Long-term, low-cost financing for energy efficiency and renewable energy projects in NYC buildings.","info@nycaccelerator.com","https://accelerator.nyc/pace","""2025-05-25T23:56:01.997Z""","""2025-05-25T23:56:01.997Z""","active","efficiency"
"7","Local Law 97 Compliance Support","NYC Accelerator","local","Free assistance","May 1, 2025 filing","[""Decarbonization"",""Compliance"",""Technical Support""]","[""Buildings >25,000 sq ft"",""Free energy assessments"",""Decarbonization planning"",""Penalty avoidance strategies""]","Technical assistance for NYC buildings to comply with carbon emissions limits under Local Law 97.","info@nycaccelerator.com","https://accelerator.nyc/ll97","""2025-05-25T23:56:02.547Z""","""2025-05-25T23:56:02.547Z""","active","efficiency"
"8","FlexTech Program","NYSERDA","state","50% cost share","Ongoing","[""Energy Studies"",""Feasibility"",""Indoor Air Quality""]","[""Technical studies only"",""Commercial/industrial/institutional"",""Max $1M per study"",""Implementation plan required""]","Cost-sharing for energy studies and feasibility analyses for commercial properties.","flextech@nyserda.ny.gov","https://www.nyserda.ny.gov/All-Programs/Programs/FlexTech-Program","""2025-05-25T23:56:02.843Z""","""2025-05-25T23:56:02.843Z""","active","efficiency"
"9","Energy Storage Incentive Program","NYSERDA","state","$200-350/kWh","Block-based","[""Battery Storage"",""Grid Services"",""Resilience""]","[""NYC/Westchester higher rates"",""Paired with solar gets bonus"",""Min 5 kW system"",""10-year performance requirement""]","Incentives for battery storage systems in New York State, with higher rates in NYC/Westchester.","energystorage@nyserda.ny.gov","https://www.nyserda.ny.gov/All-Programs/Programs/Energy-Storage","""2025-05-25T23:56:03.619Z""","""2025-05-25T23:56:03.619Z""","active","efficiency"
"10","Building Cleaner Communities Competition","NYSERDA","state","$15M available","Dec 30, 2025","[""Net-Zero"",""Carbon Neutral"",""Deep Retrofit""]","[""Carbon neutral design required"",""50%+ to disadvantaged communities"",""Part of Regional EDC process"",""Peak demand reduction focus""]","Competitive funding for carbon-neutral building designs in New York State.","cleaner.buildings@nyserda.ny.gov","https://www.nyserda.ny.gov/All-Programs/Programs/Clean-Energy-Fund","""2025-05-25T23:56:03.929Z""","""2025-05-25T23:56:03.929Z""","active","efficiency"
"11","Investment Tax Credit (ITC)","Internal Revenue Service","foundation","30% tax credit","Available through 2034","[""solar"",""wind"",""geothermal""]","[""Homeowners and businesses""]","Federal tax credit for clean energy systems",,,"""2025-06-24T09:39:39.603Z""","""2025-06-24T09:39:39.603Z""","active","efficiency"
"12","BENEFIT Program","Department of Energy","foundation","$250,000 to $5,000,000","February 28, 2025","[""building efficiency""]","[""Universities, labs, industry""]","DOE building technology funding",,,"""2025-06-24T09:39:39.646Z""","""2025-06-24T09:39:39.646Z""","active","efficiency"
"13","NY-Sun Incentive Program","NYSERDA","state","$0.20-$0.40 per watt","December 2025","[""solar"",""storage""]","[""NY residents and businesses""]","State rebates for solar installations",,,"""2025-06-24T09:39:39.679Z""","""2025-06-24T09:39:39.679Z""","active","efficiency"
"21","Residential Clean Energy Credit","IRS","federal","30% tax credit","2032-12-31","[""Solar PV"",""Solar Water Heating"",""Wind"",""Geothermal""]","[""Homeowners installing qualifying systems"",""Primary residence"",""System must meet performance standards""]","Federal tax credit for residential clean energy installations including solar photovoltaic systems, solar water heating, wind turbines, and geothermal heat pumps","IRS.gov/Form5695","https://www.irs.gov/credits-deductions/residential-clean-energy-credit","""2025-06-26T02:50:25.901Z""","""2025-06-26T02:50:25.901Z""","active","efficiency"
"22","Energy Efficient Home Improvement Credit","IRS","federal","Up to $3,200 annually","2032-12-31","[""HVAC"",""Water Heaters"",""Insulation"",""Windows"",""Doors""]","[""Energy Star certified equipment"",""Meet efficiency standards"",""Installation by qualified contractor""]","Federal tax credit for energy-efficient home improvements including heat pumps, water heaters, insulation, and Energy Star windows and doors","IRS.gov/Form5695","https://www.irs.gov/credits-deductions/energy-efficient-home-improvement-credit","""2025-06-26T02:50:25.901Z""","""2025-06-26T02:50:25.901Z""","active","efficiency"
"23","Investment Tax Credit (ITC) - Commercial","IRS","federal","30% of project cost","2032-12-31","[""Solar"",""Wind"",""Fuel Cells"",""Energy Storage"",""Geothermal""]","[""Commercial properties"",""Begin construction by deadline"",""Domestic content bonus available""]","Federal investment tax credit for commercial renewable energy systems including solar, wind, fuel cells, and qualifying energy storage","IRS.gov/Form3468","https://www.irs.gov/businesses/investment-tax-credit","""2025-06-26T02:50:25.901Z""","""2025-06-26T02:50:25.901Z""","active","efficiency"
"24","Production Tax Credit (PTC)","IRS","federal","$0.027 per kWh (2024)","2024-12-31","[""Wind"",""Geothermal"",""Biomass"",""Hydroelectric"",""Landfill Gas""]","[""Electricity generation facilities"",""10-year production period"",""Begin construction by deadline""]","Federal tax credit for electricity generated from qualifying renewable energy sources over a 10-year period","IRS.gov/Form8835","https://www.irs.gov/businesses/production-tax-credit","""2025-06-26T02:50:25.901Z""","""2025-06-26T02:50:25.901Z""","active","efficiency"
"25","Commercial Buildings Energy Efficiency Tax Deduction (179D)","IRS","federal","Up to $5.00 per sq ft","Ongoing","[""HVAC"",""Lighting"",""Building Envelope"",""Hot Water Systems""]","[""Minimum 25% energy savings"",""ASHRAE 90.1 compliance"",""Prevailing wage for maximum deduction""]","Federal tax deduction for energy-efficient commercial building improvements meeting specified energy savings targets","IRS.gov/Form8908","https://www.irs.gov/businesses/179d-commercial-buildings-energy-efficiency-tax-deduction","""2025-06-26T02:50:38.628Z""","""2025-06-26T02:50:38.628Z""","active","efficiency"
"26","Clean Vehicle Tax Credit","IRS","federal","Up to $7,500 new, $4,000 used","Ongoing","[""Electric Vehicles"",""Plug-in Hybrids""]","[""Income limits apply"",""Final assembly in North America"",""Battery components requirements""]","Federal tax credit for new and used clean vehicles including electric vehicles and plug-in hybrid electric vehicles","IRS.gov/Form8936","https://www.irs.gov/credits-deductions/clean-vehicle-tax-credit","""2025-06-26T02:50:38.628Z""","""2025-06-26T02:50:38.628Z""","active","efficiency"
"27","Alternative Fuel Vehicle Refueling Property Credit","IRS","federal","30% up to $30K commercial, $1K residential","2024-12-31","[""EV Charging"",""Hydrogen Fueling"",""CNG Stations"",""LPG Stations""]","[""Qualified alternative fuel vehicle refueling property"",""Located in qualifying area""]","Federal tax credit for alternative fuel vehicle refueling infrastructure including electric vehicle charging stations","IRS.gov/Form8911","https://www.irs.gov/businesses/alternative-fuel-vehicle-refueling-property-credit","""2025-06-26T02:50:38.628Z""","""2025-06-26T02:50:38.628Z""","active","efficiency"
"28","NYSERDA Clean Energy Fund","NYSERDA","state","$5.3 billion program","2025-12-31","[""Solar"",""Wind"",""Energy Storage"",""Grid Modernization"",""Energy Efficiency""]","[""NY businesses, organizations, municipalities, residents"",""Varies by program component""]","Comprehensive clean energy investment program for New York including renewable energy development and grid modernization","info@nyserda.ny.gov","https://www.nyserda.ny.gov/clean-energy-fund","""2025-06-26T02:50:38.628Z""","""2025-06-26T02:50:38.628Z""","active","efficiency"
"29","NY-Sun Incentive Program","NYSERDA","state","$0.20-$0.40 per watt","2025-12-31","[""Solar PV"",""Energy Storage""]","[""NY residents and businesses"",""Qualified installer required"",""System size limits apply""]","New York State incentives for solar photovoltaic installations and energy storage systems","solar@nyserda.ny.gov","https://www.nyserda.ny.gov/all-programs/programs/ny-sun","""2025-06-26T02:50:38.628Z""","""2025-06-26T02:50:38.628Z""","active","efficiency"
"30","DOE Loan Programs Office - Title XVII","Department of Energy","federal","$40+ billion loan authority","Ongoing","[""Clean Energy"",""Advanced Technology"",""Grid Infrastructure"",""Manufacturing""]","[""Innovative clean energy projects"",""Commercial viability"",""Significant environmental benefits""]","Federal loan guarantees for innovative clean energy projects and advanced technology manufacturing facilities","lpo@hq.doe.gov","https://www.energy.gov/lpo/title-xvii","""2025-06-26T02:50:50.721Z""","""2025-06-26T02:50:50.721Z""","active","efficiency"
"31","DOE Better Buildings Challenge","Department of Energy","federal","$500 million program","Ongoing","[""Energy Efficiency"",""Building Retrofits"",""HVAC Systems"",""Lighting Upgrades""]","[""Commercial and industrial buildings"",""Energy reduction commitments"",""Data sharing requirements""]","Federal initiative supporting energy efficiency improvements in commercial and industrial buildings","betterbuildings@ee.doe.gov","https://betterbuildingssolutioncenter.energy.gov/challenge","""2025-06-26T02:50:50.721Z""","""2025-06-26T02:50:50.721Z""","active","efficiency"
"32","HUD Green and Resilient Retrofit Program","HUD","federal","$837 million total","2025-09-30","[""Energy Efficiency"",""Climate Resilience"",""Affordable Housing"",""Health Improvements""]","[""Public housing authorities"",""Affordable housing owners"",""Performance standards""]","Federal funding for green retrofits in affordable housing focusing on energy efficiency and climate resilience improvements","PIH-GRRP@hud.gov","https://www.hud.gov/program_offices/public_indian_housing/grrp","""2025-06-26T02:50:50.721Z""","""2025-06-26T02:50:50.721Z""","active","efficiency"
"33","EPA Greenhouse Gas Reduction Fund","EPA","federal","$27 billion total","2030-12-31","[""Clean Technology"",""Renewable Energy"",""Energy Efficiency"",""Transportation""]","[""Disadvantaged communities focus"",""Greenhouse gas reduction"",""Leverage private capital""]","Federal funding for clean technology deployment and greenhouse gas reduction projects with focus on disadvantaged communities","ggrf@epa.gov","https://www.epa.gov/greenhouse-gas-reduction-fund","""2025-06-26T02:50:50.721Z""","""2025-06-26T02:50:50.721Z""","active","efficiency"
"34","USDA Rural Energy for America Program (REAP)","USDA","federal","$2 billion authorized","Ongoing","[""Solar"",""Wind"",""Biomass"",""Energy Efficiency"",""Anaerobic Digesters""]","[""Rural areas"",""Agricultural producers"",""Rural small businesses"",""Energy audits may be required""]","Federal grants and loans for renewable energy and energy efficiency improvements in rural areas","RD.RuralEnergyPrograms@usda.gov","https://www.rd.usda.gov/programs-services/energy-programs/rural-energy-america-program-renewable-energy-systems-energy-efficiency-improvement-guaranteed-loans","""2025-06-26T02:50:50.721Z""","""2025-06-26T02:50:50.721Z""","active","efficiency"
"36","Federal Historic Tax Credit - Green Buildings","National Park Service","federal","20% tax credit","Ongoing","[""Historic Preservation"",""Energy Efficiency"",""Sustainable Rehabilitation""]","[""Listed on National Register"",""Substantial rehabilitation"",""Secretary Standards compliance""]","Federal tax credit for rehabilitation of historic buildings incorporating green building practices","heritagetaxcredits@nps.gov","https://www.nps.gov/tps/tax-incentives.htm","""2025-06-26T02:51:02.871Z""","""2025-06-26T02:51:02.871Z""","active","efficiency"
"41","DOE Industrial Assessment Centers Program","Department of Energy","federal","$50 million annually","Ongoing program","[""Industrial Energy Efficiency"",""Manufacturing Assessment""]","[""Small-medium manufacturers"",""Energy usage requirements""]","Free energy assessments for manufacturers",,,"""2025-06-26T04:13:10.710Z""","""2025-06-26T04:13:10.710Z""","active","efficiency"
"44","National Grid Advanced Energy Solutions","National Grid","utility","$150 million program","Ongoing","[""Advanced Energy"",""Grid Services"",""Customer Solutions""]","[""National Grid customer"",""Qualifying technology""]","Advanced energy solutions for customers",,,"""2025-06-26T04:13:10.710Z""","""2025-06-26T04:13:10.710Z""","active","efficiency"
"45","Ford Foundation Climate Futures Initiative","Ford Foundation","foundation","$25 million grants","Multi-year funding","[""Climate Innovation"",""Social Justice"",""Community Solutions""]","[""Nonprofit status"",""Community impact focus""]","Climate and social justice funding",,,"""2025-06-26T04:13:10.710Z""","""2025-06-26T04:13:10.710Z""","active","efficiency"
"46","DOE Office of Energy Efficiency and Renewable Energy R&D","Department of Energy","federal","$2.8 billion annually","Annual solicitations","[""Renewable Energy R&D"",""Energy Efficiency Research"",""Technology Development""]","[""Research institution"",""Industry partnership""]","Comprehensive R&D funding for clean energy technologies",,,"""2025-06-26T04:13:10.710Z""","""2025-06-26T04:13:10.710Z""","active","efficiency"
"49","ConEd Energy Efficiency Programs","Consolidated Edison","utility","$400 million annually","Ongoing programs","[""Residential Efficiency"",""Commercial Efficiency"",""Multifamily Programs""]","[""ConEd service territory"",""Energy efficiency improvements""]","Comprehensive efficiency programs for ConEd customers",,,"""2025-06-26T04:13:10.710Z""","""2025-06-26T04:13:10.710Z""","active","efficiency"
"50","EPA Environmental and Climate Justice Community Change Grants","Environmental Protection Agency","federal","$2 billion program","Multi-year awards","[""Environmental Justice"",""Community Benefits"",""Climate Resilience""]","[""Disadvantaged community"",""Community partnership""]","Grants for environmental and climate justice initiatives",,,"""2025-06-26T04:13:10.710Z""","""2025-06-26T04:13:10.710Z""","active","efficiency"
"51","NYSERDA NY-Sun Megawatt Block Incentive Program","NYSERDA","state","$1.8 billion total program","Through MW block system","[""Solar PV"",""Commercial Solar"",""Community Solar""]","[""New York location"",""Interconnection agreement""]","Declining block incentive structure for solar installations",,,"""2025-06-26T04:14:29.300Z""","""2025-06-26T04:14:29.300Z""","active","efficiency"
"52","DOE Better Buildings Challenge Partnership","Department of Energy","federal","$500 million commitment","Multi-year partnership","[""Commercial Buildings"",""Portfolio Management"",""Energy Benchmarking""]","[""Portfolio commitment"",""Data sharing""]","Partnership program for building energy efficiency",,,"""2025-06-26T04:14:29.300Z""","""2025-06-26T04:14:29.300Z""","active","efficiency"
"56","Duke Energy Progress Solar Rebate Program","Duke Energy","utility","$62 million program","First-come basis","[""Residential Solar"",""Small Commercial Solar""]","[""Duke Energy customer"",""System size limits""]","Upfront rebates for solar installations",,,"""2025-06-26T04:14:36.841Z""","""2025-06-26T04:14:36.841Z""","active","efficiency"
"58","USDA Rural Development High Energy Cost Grants","USDA Rural Development","federal","$10 million annually","Annual applications","[""Rural Energy Projects"",""High Energy Cost Areas""]","[""Rural location"",""High energy costs"",""Population limits""]","Grants for energy systems in high-cost rural areas",,,"""2025-06-26T04:14:36.841Z""","""2025-06-26T04:14:36.841Z""","active","efficiency"
"59","EPA Brownfields Clean Energy Projects","Environmental Protection Agency","federal","$200 million program","Multi-year funding","[""Brownfield Redevelopment"",""Renewable Energy"",""Site Remediation""]","[""Brownfield site"",""Environmental assessment""]","Clean energy development on contaminated sites",,,"""2025-06-26T04:14:36.841Z""","""2025-06-26T04:14:36.841Z""","active","efficiency"
"60","Connecticut Green Bank Commercial PACE","Connecticut Green Bank","state","$1 billion financing capacity","Ongoing availability","[""Commercial Energy Efficiency"",""Renewable Energy"",""Combined Heat and Power""]","[""Connecticut location"",""Property owner consent""]","Commercial Property Assessed Clean Energy financing",,,"""2025-06-26T04:14:36.841Z""","""2025-06-26T04:14:36.841Z""","active","efficiency"
"62","New Jersey Clean Energy Program - Commercial Industrial","New Jersey Board of Public Utilities","state","$400 million annually","Ongoing programs","[""Commercial Energy Efficiency"",""Industrial Efficiency"",""Custom Incentives""]","[""New Jersey location"",""Utility customer""]","Comprehensive C&I energy efficiency programs",,,"""2025-06-26T04:14:45.120Z""","""2025-06-26T04:14:45.120Z""","active","efficiency"
"80","Tennessee Valley Authority Green Power Providers","Tennessee Valley Authority","utility","$500 million investment","Long-term contracts","[""Renewable Energy"",""Solar"",""Wind"",""Biomass""]","[""TVA service territory"",""Green power certification""]","Renewable energy procurement program",,,"""2025-06-26T04:15:16.316Z""","""2025-06-26T04:15:16.316Z""","active","efficiency"
"81","Pacific Gas and Electric Energy Efficiency Programs","Pacific Gas and Electric","utility","$300 million annually","Ongoing programs","[""Residential Efficiency"",""Commercial Efficiency"",""Industrial Programs""]","[""PG&E customer"",""Qualified measures""]","Comprehensive energy efficiency rebates and incentives",,,"""2025-06-26T04:15:22.136Z""","""2025-06-26T04:15:22.136Z""","active","efficiency"
"82","Xcel Energy Partners in Energy Programs","Xcel Energy","utility","$80 million annually","Ongoing customer programs","[""Residential Efficiency"",""Business Efficiency"",""Renewable Energy""]","[""Xcel Energy customer"",""Program participation""]","Customer energy efficiency and renewable energy programs",,,"""2025-06-26T04:15:22.136Z""","""2025-06-26T04:15:22.136Z""","active","efficiency"
"83","Commonwealth Edison Energy Efficiency Programs","Commonwealth Edison","utility","$150 million annually","Ongoing rebates","[""Home Energy Efficiency"",""Business Programs"",""Custom Projects""]","[""ComEd customer"",""Energy efficiency measures""]","State-mandated energy efficiency programs for Illinois customers",,,"""2025-06-26T04:15:22.136Z""","""2025-06-26T04:15:22.136Z""","active","efficiency"
"86","DOE Advanced Manufacturing Office Programs","Department of Energy","federal","$400 million annually","Annual solicitations","[""Advanced Manufacturing"",""Industrial Efficiency"",""Process Innovation""]","[""Manufacturing focus"",""Technology development""]","Research and development funding for advanced manufacturing",,,"""2025-06-26T04:15:28.984Z""","""2025-06-26T04:15:28.984Z""","active","efficiency"
"87","EPA Smart Sectors Partnership Program","Environmental Protection Agency","federal","$200 million program","Multi-year initiative","[""Industrial Efficiency"",""Pollution Prevention"",""Environmental Management""]","[""Industry partnership"",""Environmental goals""]","Partnership program for environmental improvements in key sectors",,,"""2025-06-26T04:15:28.984Z""","""2025-06-26T04:15:28.984Z""","active","efficiency"
"88","NIST Manufacturing Extension Partnership","National Institute of Standards and Technology","federal","$150 million annually","Ongoing services","[""Manufacturing Innovation"",""Technology Adoption"",""Small Business Support""]","[""Small-medium manufacturer"",""Technology needs""]","Support for manufacturers to adopt new technologies",,,"""2025-06-26T04:15:28.984Z""","""2025-06-26T04:15:28.984Z""","active","efficiency"
"90","Regional Greenhouse Gas Initiative Programs","RGGI States","state","$5 billion auction proceeds","Ongoing cap-and-trade","[""Clean Energy Investment"",""Energy Efficiency"",""Renewable Energy""]","[""RGGI state"",""Carbon reduction""]","Multi-state carbon cap-and-trade program investments",,,"""2025-06-26T04:15:28.984Z""","""2025-06-26T04:15:28.984Z""","active","efficiency"
"91","Ford Foundation Climate Futures Initiative","Ford Foundation","foundation","$1 billion commitment","Multi-year funding cycles","[""Climate Innovation"",""Social Justice"",""Community Solutions""]","[""Nonprofit status"",""Community impact focus""]","Comprehensive climate and social justice funding for transformative solutions",,,"""2025-06-26T04:19:37.848Z""","""2025-06-26T04:19:37.848Z""","active","efficiency"
"92","Bloomberg Philanthropies American Cities Climate Challenge","Bloomberg Philanthropies","foundation","$70 million program","Multi-year city partnerships","[""Urban Climate Action"",""City Programs"",""Innovation""]","[""City partnership"",""Climate commitment""]","Support for ambitious climate action in American cities",,,"""2025-06-26T04:19:37.848Z""","""2025-06-26T04:19:37.848Z""","active","efficiency"
"93","Kresge Foundation Climate Resilience and Urban Opportunity Initiative","Kresge Foundation","foundation","$100 million investment","Multi-year program","[""Climate Resilience"",""Community Development"",""Environmental Justice""]","[""Low-income communities"",""Climate vulnerability""]","Building climate resilience in low-income urban communities",,,"""2025-06-26T04:19:37.848Z""","""2025-06-26T04:19:37.848Z""","active","efficiency"
"94","MacArthur Foundation 100&Change Competition","MacArthur Foundation","foundation","$100 million single grant","Competition cycles","[""Climate Solutions"",""Social Impact"",""Systems Change""]","[""Scalable solution"",""Measurable impact""]","Single $100 million grant for exceptional climate and social solutions",,,"""2025-06-26T04:19:37.848Z""","""2025-06-26T04:19:37.848Z""","active","efficiency"
"95","Hewlett Foundation Climate Program","William and Flora Hewlett Foundation","foundation","$600 million climate commitment","Long-term funding","[""Climate Policy"",""Clean Energy"",""Climate Science""]","[""Policy impact"",""Strategic alignment""]","Comprehensive climate change mitigation and adaptation funding",,,"""2025-06-26T04:19:37.848Z""","""2025-06-26T04:19:37.848Z""","active","efficiency"
"96","Rockefeller Foundation Power and Climate Program","Rockefeller Foundation","foundation","$1 billion commitment","Multi-year initiative","[""Energy Access"",""Climate Resilience"",""Economic Opportunity""]","[""Global impact"",""Systems change""]","Advancing equitable energy systems and climate resilience",,,"""2025-06-26T04:19:37.848Z""","""2025-06-26T04:19:37.848Z""","active","efficiency"
"97","Gates Foundation Climate Adaptation and Resilience","Bill and Melinda Gates Foundation","foundation","$1.4 billion commitment","Long-term funding","[""Climate Adaptation"",""Agricultural Innovation"",""Global Development""]","[""Global south focus"",""Adaptation solutions""]","Supporting climate adaptation for vulnerable populations globally",,,"""2025-06-26T04:19:37.848Z""","""2025-06-26T04:19:37.848Z""","active","efficiency"
"98","Bezos Earth Fund Climate Solutions","Bezos Earth Fund","foundation","$10 billion commitment","Decade-long initiative","[""Climate Innovation"",""Nature Conservation"",""Environmental Justice""]","[""Transformational impact"",""Science-based solutions""]","Largest-ever commitment to fight climate change and protect nature",,,"""2025-06-26T04:19:37.848Z""","""2025-06-26T04:19:37.848Z""","active","efficiency"
"99","Unknown Incentive","Unknown Provider","Federal","Not specified","Ongoing","[""General""]","[""See program details""]","Live data from government source",,,"""2025-06-26T07:00:47.769Z""","""2025-06-26T07:00:47.769Z""","active","efficiency"
"101","Clean Communities Investment Accelerator","EPA","federal","6000000000","ongoing","[""Community Development"",""Clean Energy""]","[]","Community lenders working in low-income and disadvantaged communities are eligible to apply for funding and technical assistance under the Clean Communities Investment Accelerator program.",,"https://www.epa.gov/greenhouse-gas-reduction-fund/clean-communities-investment-accelerator","""2025-06-26T19:59:23.742Z""","""2025-06-26T19:59:23.742Z""","active","Community Investment"
"102","Greenhouse Gas Reduction Fund","EPA","federal","27000000000","ongoing","[""Climate & Resilience"",""Clean Energy""]","[]","Grant recipients, national nonprofit clean financing institutions, hub nonprofits, low-income and disadvantaged communities",,"https://www.epa.gov/greenhouse-gas-reduction-fund","""2025-06-26T19:59:23.786Z""","""2025-06-26T19:59:23.786Z""","active","Environmental"
"103","Solar for All","EPA","federal","7000000000","ongoing","[""Solar"",""Renewable Energy""]","[]","Low-income and disadvantaged communities, households in low-income communities, Tribes, states, territories",,"https://www.epa.gov/greenhouse-gas-reduction-fund/solar-all","""2025-06-26T19:59:23.820Z""","""2025-06-26T19:59:23.820Z""","active","Solar"
"104","National Clean Investment Fund","EPA","federal","14000000000","ongoing","[""Clean Energy"",""Community Development""]","[]","The funding is dedicated to low-income and disadvantaged communities, with a minimum of 40% of capital allocated to these communities.",,"https://www.epa.gov/greenhouse-gas-reduction-fund/national-clean-investment-fund","""2025-06-26T19:59:23.853Z""","""2025-06-26T19:59:23.853Z""","active","Environmental"
"105","Energy Efficient Commercial Buildings Deduction","IRS","federal","0","ongoing","[""Energy Efficiency"",""Commercial""]","[]","Commercial building owners who make energy-efficient improvements",,"https://www.irs.gov/credits-deductions/energy-efficient-commercial-buildings-deduction","""2025-06-26T19:59:23.923Z""","""2025-06-26T19:59:23.923Z""","active","Energy Storage"
"106","Advanced Energy Project Credit","IRS","federal","0","ongoing","[""Advanced Technologies"",""Clean Energy""]","[]","Individuals and businesses interested in clean energy projects",,"https://www.irs.gov/credits-deductions/businesses/advanced-energy-project-credit","""2025-06-26T19:59:23.977Z""","""2025-06-26T19:59:23.977Z""","active","Advanced Technologies"
"107","Credit for Builders of New Energy-Efficient Homes","IRS","federal","0","ongoing","[""Energy Efficiency"",""Residential""]","[]","Tax credits for builders of energy-efficient homes",,"https://www.irs.gov/credits-deductions/credit-for-builders-of-energy-efficient-homes","""2025-06-26T19:59:24.012Z""","""2025-06-26T19:59:24.012Z""","active","Energy Storage"
"108","Clean Vehicle and Energy Credits","IRS","federal","0","ongoing","[""Transportation/EV"",""Clean Energy""]","[]","Clean vehicle and energy credits for individuals and businesses",,"https://www.irs.gov/credits-deductions/clean-vehicle-and-energy-credits","""2025-06-26T19:59:24.049Z""","""2025-06-26T19:59:24.049Z""","active","Transportation"
"109","Home Energy Tax Credits","IRS","federal","0","ongoing","[""Energy Efficiency"",""Residential""]","[]","Home energy tax credits for individuals",,"https://www.irs.gov/credits-deductions/home-energy-tax-credits","""2025-06-26T19:59:24.086Z""","""2025-06-26T19:59:24.086Z""","active","Energy Storage"
"110","Business Energy Credits and Deductions","IRS","federal","0","ongoing","[""Energy Efficiency"",""Commercial""]","[]","Credits and deductions for businesses",,"https://www.irs.gov/credits-deductions/businesses","""2025-06-26T19:59:24.120Z""","""2025-06-26T19:59:24.120Z""","active","Energy Storage"
"111","Inflation Reduction Act Credits","IRS","federal","0","ongoing","[""Clean Energy"",""Tax Credit""]","[]","Tax credits under the Inflation Reduction Act of 2022 for individuals, businesses, and self-employed",,"https://www.irs.gov/inflation-reduction-act-of-2022","""2025-06-26T19:59:24.156Z""","""2025-06-26T19:59:24.156Z""","active","Environmental"
"112","Corporate Alternative Minimum Tax","IRS","federal","0","ongoing","[""Tax Credit"",""Commercial""]","[]","Corporations subject to alternative minimum tax under Inflation Reduction Act",,"https://www.irs.gov/inflation-reduction-act-of-2022/corporate-alternative-minimum-tax","""2025-06-26T19:59:24.189Z""","""2025-06-26T19:59:24.189Z""","active","Advanced Technologies"
"113","Elective Pay and Transferability","IRS","federal","0","ongoing","[""Clean Energy"",""Transportation/EV""]","[]","Clean energy and vehicle credits and deductions for individuals and businesses",,"https://www.irs.gov/credits-deductions/elective-pay-and-transferability","""2025-06-26T19:59:24.223Z""","""2025-06-26T19:59:24.223Z""","active","Solar"
"114","Brownfield Cleanup Program","New York ESD","state","0","2026-03-31","[""Community Development"",""Climate & Resilience""]","[]","Tax credits for brownfield cleanup program reforms, redevelopment tax credits, tangible property credits. Properties in Environmental Zones, 'Upside down' properties, underutilized properties, sites for affordable housing projects",,"https://esd.ny.gov/brownfield-cleanup-program","""2025-06-26T19:59:24.255Z""","""2025-06-26T19:59:24.255Z""","active","Environmental"
"115","Buildings Funding Opportunities - L-Prize Phase III","Department of Energy","federal","0","2024-10-01","[""Advanced Technologies"",""Energy Efficiency""]","[]","L-Prize - Phase III, Manufacturing and Installation - Open to those interested in L-Prize Phase III for manufacturing and installation",,"https://www.energy.gov/eere/buildings/buildings-funding-opportunities","""2025-06-26T19:59:24.292Z""","""2025-06-26T19:59:24.292Z""","active","Advanced Technologies"
"116","New Markets Tax Credit Program","CDFI Fund","federal","0","2025-01-29","[""Community Development"",""Tax Credit""]","[]","Eligibility criteria and application process details are provided on the official website of the Community Development Financial Institutions Fund. Application deadline for the current round of the NMTC Program is January 29, 2025.",,"https://www.cdfifund.gov/programs-training/programs/new-markets-tax-credit/apply-step","""2025-06-26T19:59:24.324Z""","""2025-06-26T19:59:24.324Z""","active","Community Investment"
"117","NYSERDA Solicitation Programs","NYSERDA","state","0","ongoing","[""Clean Energy"",""Renewable Energy""]","[]","Anyone can apply as long as they follow the submission guidelines and have a NYSERDA Portal account. All Concept Papers or Proposals must be received by 3:00 p.m. ET on the date noted in the solicitation.",,"https://portal.nyserda.ny.gov/resource/1619795565000/NYSERDA_Solicitation_User_Guide","""2025-06-26T19:59:24.361Z""","""2025-06-26T19:59:24.361Z""","active","Solar"
"119","SBA Green Business Certification Program","Small Business Administration","federal","Up to $5 million in loan guarantees","ongoing","[""Green Business"",""Small Business""]","[""Small business eligibility"",""Green business plan""]","SBA loans and certification for green business initiatives",,"https://www.sba.gov/funding-programs/loans","""2025-06-26T21:27:57.345Z""","""2025-06-26T21:27:57.345Z""","active","Green Business"
"120","ARPA-E OPEN Program","ARPA-E","federal","$500 million available","ongoing","[""Research & Development"",""Advanced Technology""]","[""Research institution"",""Technology readiness""]","Advanced research projects for transformational energy technologies",,"https://arpa-e.energy.gov/funding-opportunities","""2025-06-26T21:27:57.345Z""","""2025-06-26T21:27:57.345Z""","active","Advanced Energy"
"121","NASA Technology Transfer Program","NASA","federal","Variable licensing fees","ongoing","[""Technology Transfer"",""Space Technology""]","[""Commercial application"",""Licensing agreement""]","Commercialization opportunities for NASA clean energy technologies",,"https://technology.nasa.gov/patents","""2025-06-26T21:27:57.345Z""","""2025-06-26T21:27:57.345Z""","active","Space Technology"
"122","Connecticut Green Bank Commercial PACE","Connecticut Green Bank","state","$1 billion financing capacity","ongoing","[""PACE Financing"",""Commercial""]","[""Connecticut property"",""Commercial building""]","Property Assessed Clean Energy financing for commercial projects",,"https://www.ctgreenbank.com/pace/","""2025-06-26T21:27:57.345Z""","""2025-06-26T21:27:57.345Z""","active","Clean Energy Finance"
"123","MacArthur Foundation Climate Solutions","MacArthur Foundation","foundation","$1 billion commitment","ongoing","[""Climate Policy"",""Systems Change""]","[""Nonprofit status"",""Climate impact""]","Grants for systemic climate change solutions and policy innovation",,"https://www.macfound.org/programs/climate-solutions/","""2025-06-26T21:27:57.345Z""","""2025-06-26T21:27:57.345Z""","active","Climate Solutions"
"124","DOE Loan Programs Office - Advanced Technology Vehicles","Department of Energy","federal","$25 billion loan authority","ongoing","[""Transportation/EV"",""Manufacturing""]","[""Manufacturing facility"",""Advanced technology""]","Loans for advanced technology vehicles manufacturing facilities",,"https://www.energy.gov/lpo/advanced-technology-vehicles-manufacturing","""2025-06-26T21:37:02.099Z""","""2025-06-26T21:37:02.099Z""","active","Advanced Vehicles"
"125","EPA Environmental Justice Thriving Communities","EPA","federal","$177 million available","ongoing","[""Environmental Justice"",""Community Development""]","[""Environmental justice community"",""Technical assistance""]","Technical assistance and capacity building for environmental justice communities",,"https://www.epa.gov/environmentaljustice/environmental-justice-thriving-communities-technical-assistance-centers","""2025-06-26T21:37:02.099Z""","""2025-06-26T21:37:02.099Z""","active","Environmental Justice"
"126","HUD Community Development Block Grant Program","HUD","federal","$3.3 billion annually","ongoing","[""Community Development"",""Energy Efficiency""]","[""Local government"",""Community development""]","Flexible grants for community development including energy efficiency projects",,"https://www.hud.gov/program_offices/comm_planning/communitydevelopment/programs","""2025-06-26T21:37:02.099Z""","""2025-06-26T21:37:02.099Z""","active","Community Development"
"127","USDA Rural Business Development Grant","USDA","federal","$500,000 maximum per grant","ongoing","[""Rural Development"",""Business Development""]","[""Rural area"",""Business development""]","Grants for rural business development including clean energy projects",,"https://www.rd.usda.gov/programs-services/business-programs/rural-business-development-grants","""2025-06-26T21:37:02.099Z""","""2025-06-26T21:37:02.099Z""","active","Rural Business"
"128","SBA 504 Green Loan Program","Small Business Administration","federal","Up to $5.5 million per project","ongoing","[""Green Building"",""Energy Efficiency""]","[""Small business"",""Green building""]","SBA 504 loans for green building and energy efficiency projects",,"https://www.sba.gov/funding-programs/loans/504-loans","""2025-06-26T21:37:02.099Z""","""2025-06-26T21:37:02.099Z""","active","Green Building"
"129","NYSERDA FlexTech Program","NYSERDA","state","Up to $100,000 per project","ongoing","[""Energy Efficiency"",""Renewable Energy""]","[""New York facility"",""Energy study""]","Cost-shared studies for energy efficiency and renewable energy",,"https://www.nyserda.ny.gov/All-Programs/FlexTech-Program","""2025-06-26T21:37:34.076Z""","""2025-06-26T21:37:34.076Z""","active","Energy Studies"
"130","NYSERDA Clean Energy Communities Program","NYSERDA","state","Up to $5,000 per action","ongoing","[""Community Energy"",""Municipal Programs""]","[""New York municipality"",""Clean energy actions""]","Recognition and grants for communities implementing clean energy actions",,"https://www.nyserda.ny.gov/All-Programs/Clean-Energy-Communities","""2025-06-26T21:37:34.076Z""","""2025-06-26T21:37:34.076Z""","active","Community Energy"
"131","NY ESD Excelsior Jobs Program","New York ESD","state","Up to $100 million per project","ongoing","[""Job Creation"",""Clean Energy""]","[""Job creation"",""Strategic industry""]","Tax credits for job creation in strategic industries including clean energy",,"https://esd.ny.gov/excelsior-jobs-program","""2025-06-26T21:37:34.076Z""","""2025-06-26T21:37:34.076Z""","active","Economic Development"
"132","ConEd Commercial Electric Vehicle Incentives","Consolidated Edison","utility","Up to $100,000 per site","ongoing","[""Transportation/EV"",""Commercial""]","[""ConEd service territory"",""Commercial customer""]","Incentives for commercial electric vehicle charging infrastructure",,"https://www.coned.com/en/commercial-industrial/energy-efficiency/electric-vehicles","""2025-06-26T21:37:34.076Z""","""2025-06-26T21:37:34.076Z""","active","Electric Vehicles"
"133","National Grid Heat Pump Incentives","National Grid","utility","Up to $15,000 per unit","ongoing","[""HVAC"",""Heat Pumps""]","[""National Grid customer"",""Qualifying heat pump""]","Rebates for air source and geothermal heat pump installations",,"https://www.nationalgridus.com/business/ways-to-save/energy-efficiency-programs","""2025-06-26T21:37:34.076Z""","""2025-06-26T21:37:34.076Z""","active","Heat Pumps"
"134","ARPA-E OPEN Program","ARPA-E","federal","$500 million available","ongoing","[""Research & Development"",""Advanced Technology""]","[""Research capability"",""Transformational technology""]","Open funding opportunity announcements for transformational energy technologies",,"https://arpa-e.energy.gov/funding-opportunities","""2025-06-26T21:37:34.076Z""","""2025-06-26T21:37:34.076Z""","active","Advanced Energy"
"135","NASA Technology Transfer Program","NASA","federal","Variable licensing fees","ongoing","[""Technology Transfer"",""Space Technology""]","[""Commercial application"",""Technology licensing""]","Commercialization opportunities for NASA clean energy technologies",,"https://technology.nasa.gov/patents","""2025-06-26T21:37:34.076Z""","""2025-06-26T21:37:34.076Z""","active","Space Technology"
"136","Bloomberg Philanthropies Environment Program","Bloomberg Philanthropies","foundation","$500 million commitment","ongoing","[""Environmental Initiative"",""Urban Climate""]","[""Environmental impact"",""Urban focus""]","Environmental initiatives including clean energy and climate resilience",,"https://www.bloomberg.org/environment/","""2025-06-26T21:37:34.076Z""","""2025-06-26T21:37:34.076Z""","active","Urban Environment"
"137","PACE Nation Commercial Programs","PACE Nation","private","$10+ billion market","ongoing","[""PACE Financing"",""Commercial Energy""]","[""Commercial property"",""Energy improvements""]","National PACE financing network for commercial energy projects",,"https://www.pacenation.org/pace-programs/","""2025-06-26T21:37:34.076Z""","""2025-06-26T21:37:34.076Z""","active","Energy Finance"
"138","Rocky Mountain Institute eLab Accelerator","Rocky Mountain Institute","private","Investment matching services","ongoing","[""Innovation"",""Clean Energy Startups""]","[""Clean energy innovation"",""Startup company""]","Clean energy innovation accelerator and investment platform",,"https://rmi.org/elab/","""2025-06-26T21:37:34.076Z""","""2025-06-26T21:37:34.076Z""","active","Clean Energy Innovation"
"139","DOE Office of Science Small Business Innovation Research","Department of Energy","federal","$1.5 million maximum per project","ongoing","[""Small Business"",""Research & Development""]","[""Small business"",""Clean energy innovation""]","SBIR grants for small businesses developing clean energy technologies",,"https://science.osti.gov/sbir","""2025-06-26T21:38:25.821Z""","""2025-06-26T21:38:25.821Z""","active","Clean Energy R&D"
"140","EPA Pollution Prevention Grant Program","EPA","federal","$3 million annually available","ongoing","[""Pollution Prevention"",""Energy Efficiency""]","[""Pollution prevention"",""State/tribal agency""]","Grants for pollution prevention projects including energy efficiency",,"https://www.epa.gov/p2/pollution-prevention-p2-grant-program","""2025-06-26T21:38:25.821Z""","""2025-06-26T21:38:25.821Z""","active","Pollution Prevention"
"141","FEMA Building Resilient Infrastructure and Communities","FEMA","federal","$2.3 billion available","ongoing","[""Resilience"",""Infrastructure""]","[""Hazard mitigation"",""Community resilience""]","Hazard mitigation grants including resilient infrastructure projects",,"https://www.fema.gov/grants/mitigation/building-resilient-infrastructure-communities","""2025-06-26T21:38:25.821Z""","""2025-06-26T21:38:25.821Z""","active","Climate Resilience"
"142","Treasury Community Development Financial Institutions Fund","Treasury","federal","$3 billion investment capacity","ongoing","[""Community Development"",""Financial Services""]","[""Community development"",""Low-income community""]","CDFI investments in community development including clean energy",,"https://www.cdfifund.gov/programs-training","""2025-06-26T21:38:25.821Z""","""2025-06-26T21:38:25.821Z""","active","Community Finance"
"143","Commerce Minority Business Development Agency","Commerce","federal","$150 million program funding","ongoing","[""Minority Business"",""Business Development""]","[""Minority-owned business"",""Business development""]","Support for minority-owned businesses including clean energy enterprises",,"https://www.mbda.gov/page/mbda-programs","""2025-06-26T21:38:25.821Z""","""2025-06-26T21:38:25.821Z""","active","Minority Business"
"144","NJ Clean Energy Program Commercial Buildings","New Jersey BPU","state","$200 million annually","ongoing","[""Commercial Buildings"",""Energy Efficiency""]","[""New Jersey location"",""Commercial building""]","Comprehensive commercial building energy efficiency incentives",,"https://www.njcleanenergy.com/commercial-industrial","""2025-06-26T21:38:25.821Z""","""2025-06-26T21:38:25.821Z""","active","Building Efficiency"
"145","CT Green Bank Commercial Property Assessment","Connecticut Green Bank","state","$1 billion financing capacity","ongoing","[""Commercial Property"",""Energy Finance""]","[""Connecticut property"",""Commercial owner""]","Commercial property energy assessments and financing solutions",,"https://www.ctgreenbank.com/commercial/","""2025-06-26T21:38:25.821Z""","""2025-06-26T21:38:25.821Z""","active","Green Banking"
"146","PSEG Long Island Commercial Efficiency","PSEG Long Island","utility","$50 million program budget","ongoing","[""Commercial Efficiency"",""Utility Programs""]","[""PSEG service territory"",""Commercial customer""]","Commercial energy efficiency rebates and incentives program",,"https://www.psegliny.com/page.cfm/Commercial","""2025-06-26T21:38:25.821Z""","""2025-06-26T21:38:25.821Z""","active","Utility Efficiency"
"147","New York Power Authority Economic Development","NYPA","state","$8 billion investment authority","ongoing","[""Economic Development"",""Power Authority""]","[""New York business"",""Economic development""]","Low-cost power and energy services for economic development projects",,"https://www.nypa.gov/services/economic-development","""2025-06-26T21:38:25.821Z""","""2025-06-26T21:38:25.821Z""","active","Public Power"
"148","Ford Foundation Building Futures","Ford Foundation","foundation","$1 billion commitment","ongoing","[""Equitable Development"",""Social Justice""]","[""Social impact"",""Equitable development""]","Investments in equitable development including clean energy access",,"https://www.fordfoundation.org/about/working-with-us/","""2025-06-26T21:38:25.821Z""","""2025-06-26T21:38:25.821Z""","active","Social Impact"
"149","DOE Advanced Research Projects Agency-Energy (ARPA-E)","ARPA-E","federal","$500 million annually","ongoing","[""Research & Development"",""Advanced Technology""]","[""Research capability"",""Transformational technology""]","High-risk, high-reward research funding for transformational energy technologies",,"https://arpa-e.energy.gov/funding-opportunities","""2025-06-26T21:43:10.092Z""","""2025-06-26T21:43:10.092Z""","active","Advanced Energy Research"
"150","EPA Brownfields Assessment and Cleanup","EPA","federal","$80 million program funding","ongoing","[""Brownfield Redevelopment"",""Site Cleanup""]","[""Brownfield site"",""Environmental assessment""]","Grants for brownfield site assessment and cleanup including renewable energy redevelopment",,"https://www.epa.gov/brownfields/brownfields-grant-funding","""2025-06-26T21:43:10.092Z""","""2025-06-26T21:43:10.092Z""","active","Environmental Remediation"
"151","Treasury New Markets Tax Credit Program","Treasury","federal","$5 billion tax credit authority","ongoing","[""Community Development"",""Tax Credits""]","[""Low-income community"",""Qualified investment""]","Tax credits for investments in low-income communities including clean energy projects",,"https://www.cdfifund.gov/programs-training/programs/new-markets-tax-credit","""2025-06-26T21:43:10.092Z""","""2025-06-26T21:43:10.092Z""","active","Community Investment"
"152","Commerce Economic Development Administration","Commerce EDA","federal","$3 billion investment capacity","ongoing","[""Economic Development"",""Infrastructure""]","[""Economic distress"",""Job creation""]","Economic development assistance including clean energy infrastructure projects",,"https://www.eda.gov/funding/programs/","""2025-06-26T21:43:10.092Z""","""2025-06-26T21:43:10.092Z""","active","Economic Development"
"153","FEMA Hazard Mitigation Grant Program","FEMA","federal","$1 billion annually","ongoing","[""Hazard Mitigation"",""Resilience""]","[""Disaster declaration"",""Hazard mitigation""]","Post-disaster hazard mitigation grants including resilient energy systems",,"https://www.fema.gov/grants/mitigation/hazard-mitigation","""2025-06-26T21:43:10.092Z""","""2025-06-26T21:43:10.092Z""","active","Disaster Resilience"
"154","NJ Economic Development Authority Clean Energy","New Jersey EDA","state","$1 billion green economy fund","ongoing","[""Clean Energy"",""Economic Development""]","[""New Jersey business"",""Clean energy project""]","Comprehensive clean energy financing and incentives for New Jersey businesses",,"https://www.njeda.com/clean-energy/","""2025-06-26T21:43:10.092Z""","""2025-06-26T21:43:10.092Z""","active","State Clean Energy"
"155","CT Department of Energy and Environmental Protection","Connecticut DEEP","state","$300 million program budget","ongoing","[""Environmental Protection"",""Energy Programs""]","[""Connecticut location"",""Environmental compliance""]","State environmental and energy programs including renewable energy incentives",,"https://portal.ct.gov/DEEP/Energy","""2025-06-26T21:43:10.092Z""","""2025-06-26T21:43:10.092Z""","active","State Environmental"
"156","PSEG Clean Energy Future","PSEG","utility","$1 billion investment commitment","ongoing","[""Clean Energy Investment"",""Utility Programs""]","[""PSEG service territory"",""Clean energy technology""]","Comprehensive clean energy investments including solar, storage, and efficiency",,"https://www.pseg.com/saveenergyandmoney/cleanenergyfuture","""2025-06-26T21:43:10.092Z""","""2025-06-26T21:43:10.092Z""","active","Utility Clean Energy"
"157","National Grid Partners Innovation","National Grid","utility","$150 million venture fund","ongoing","[""Venture Capital"",""Clean Energy Innovation""]","[""Clean energy innovation"",""Technology company""]","Venture capital and partnerships for clean energy innovation companies",,"https://www.nationalgrid.com/innovation","""2025-06-26T21:43:10.092Z""","""2025-06-26T21:43:10.092Z""","active","Energy Innovation"
"158","Kresge Foundation Climate Resilience","Kresge Foundation","foundation","$100 million climate initiative","ongoing","[""Climate Resilience"",""Community Development""]","[""Underserved community"",""Climate resilience""]","Grants for climate resilience and clean energy in underserved communities",,"https://kresge.org/programs/environment/","""2025-06-26T21:43:10.092Z""","""2025-06-26T21:43:10.092Z""","active","Climate Foundation"
"159","USDA Rural Energy for America Program (REAP)","USDA","federal","$280 million annually","ongoing","[""Rural Energy"",""Renewable Energy""]","[""Rural area"",""Agricultural business""]","Grants and loans for renewable energy and energy efficiency projects in rural areas",,"https://www.rd.usda.gov/programs-services/energy-programs/rural-energy-america-program-renewable-energy-systems-energy-efficiency-improvement-guaranteed-loans","""2025-06-26T21:43:34.924Z""","""2025-06-26T21:43:34.924Z""","active","Rural Renewable Energy"
"160","SBA Community Advantage Loans","Small Business Administration","federal","$250,000 maximum per loan","ongoing","[""Small Business Lending"",""Community Development""]","[""Underserved market"",""Small business""]","SBA loans for underserved markets including clean energy small businesses",,"https://www.sba.gov/funding-programs/loans/community-advantage","""2025-06-26T21:43:34.924Z""","""2025-06-26T21:43:34.924Z""","active","Small Business Finance"
"161","Treasury Opportunity Zones Tax Incentive","Treasury","federal","$200 billion investment potential","ongoing","[""Opportunity Zones"",""Tax Incentives""]","[""Opportunity zone"",""Qualified investment""]","Capital gains tax deferral for investments in designated opportunity zones",,"https://www.cdfifund.gov/opportunity-zones","""2025-06-26T21:43:34.924Z""","""2025-06-26T21:43:34.924Z""","active","Economic Development"
"162","NYSERDA Real Time Energy Management","NYSERDA","state","$40 million program","ongoing","[""Energy Management"",""Demand Response""]","[""New York business"",""Energy management system""]","Incentives for real-time energy management systems and demand response",,"https://www.nyserda.ny.gov/All-Programs/Real-Time-Energy-Management","""2025-06-26T21:43:34.924Z""","""2025-06-26T21:43:34.924Z""","active","Energy Management"
"163","NYSERDA NY-Sun Initiative","NYSERDA","state","$1.8 billion solar commitment","ongoing","[""Solar Energy"",""Renewable Energy""]","[""New York location"",""Solar installation""]","Comprehensive solar incentive program for residential and commercial installations",,"https://www.nyserda.ny.gov/All-Programs/NY-Sun","""2025-06-26T21:43:34.924Z""","""2025-06-26T21:43:34.924Z""","active","Solar Power"
"164","NY Green Jobs-Green New York","New York State","state","$112 million program","ongoing","[""Energy Efficiency"",""Workforce Development""]","[""New York property"",""Energy audit""]","On-bill financing for energy efficiency improvements and workforce development",,"https://www.nyserda.ny.gov/All-Programs/Green-Jobs-Green-New-York","""2025-06-26T21:43:34.924Z""","""2025-06-26T21:43:34.924Z""","active","Green Jobs"
"165","NJ Board of Public Utilities Storage Incentive","New Jersey BPU","state","$100 million energy storage","ongoing","[""Energy Storage"",""Grid Modernization""]","[""New Jersey installation"",""Energy storage system""]","Incentives for energy storage installations in New Jersey",,"https://www.njcleanenergy.com/renewable-energy/programs/energy-storage-incentive-program","""2025-06-26T21:43:34.924Z""","""2025-06-26T21:43:34.924Z""","active","Energy Storage"
"166","Connecticut Green Bank C-PACE","Connecticut Green Bank","state","$2 billion financing capacity","ongoing","[""PACE Financing"",""Commercial Property""]","[""Connecticut commercial property"",""Energy improvements""]","Commercial Property Assessed Clean Energy financing for Connecticut",,"https://www.ctgreenbank.com/c-pace/","""2025-06-26T21:43:34.924Z""","""2025-06-26T21:43:34.924Z""","active","Green Finance"
"167","Consolidated Edison Energy Efficiency Programs","Con Edison","utility","$100 million annually","ongoing","[""Energy Efficiency"",""Utility Programs""]","[""ConEd service territory"",""Energy efficiency measures""]","Comprehensive commercial and residential energy efficiency rebates and incentives",,"https://www.coned.com/en/save-money/rebates-incentives","""2025-06-26T21:43:34.924Z""","""2025-06-26T21:43:34.924Z""","active","Utility Efficiency"
"168","Long Island Power Authority Efficiency Programs","LIPA","utility","$50 million program budget","ongoing","[""Energy Efficiency"",""Demand Management""]","[""Long Island location"",""LIPA customer""]","Energy efficiency and demand management programs for Long Island customers",,"https://www.lipower.org/partners-suppliers/energy-efficiency/","""2025-06-26T21:43:34.924Z""","""2025-06-26T21:43:34.924Z""","active","Utility Programs"
"169","MacArthur Foundation Climate Solutions","MacArthur Foundation","foundation","$500 million climate commitment","ongoing","[""Climate Solutions"",""Innovation""]","[""Climate impact"",""Innovative solution""]","Grants for climate solutions including clean energy and resilience projects",,"https://www.macfound.org/programs/climate/","""2025-06-26T21:43:59.276Z""","""2025-06-26T21:43:59.276Z""","active","Climate Innovation"
"170","Rockefeller Foundation Power and Utility","Rockefeller Foundation","foundation","$1 billion commitment","ongoing","[""Power Systems"",""Energy Access""]","[""Power system innovation"",""Energy access""]","Investments in power systems transformation and energy access",,"https://www.rockefellerfoundation.org/power-utility/","""2025-06-26T21:43:59.276Z""","""2025-06-26T21:43:59.276Z""","active","Power Systems"
"171","Gates Foundation Clean Energy Catalyst","Gates Foundation","foundation","$2 billion initiative","ongoing","[""Clean Energy Innovation"",""Technology Deployment""]","[""Clean energy breakthrough"",""Global deployment""]","Funding for breakthrough clean energy technologies and deployment",,"https://www.gatesfoundation.org/our-work/programs/global-growth-and-opportunity/climate-and-energy","""2025-06-26T21:43:59.276Z""","""2025-06-26T21:43:59.276Z""","active","Clean Energy Catalyst"
"172","Bezos Earth Fund Climate Pledge","Bezos Earth Fund","foundation","$10 billion climate commitment","ongoing","[""Climate Solutions"",""Nature Solutions""]","[""Climate impact"",""Nature conservation""]","Massive funding for climate and nature solutions including clean energy",,"https://www.bezosearthfund.org/","""2025-06-26T21:43:59.276Z""","""2025-06-26T21:43:59.276Z""","active","Climate Fund"
"173","DOE National Nuclear Security Administration","NNSA","federal","$19 billion budget","ongoing","[""Nuclear Security"",""Advanced Nuclear""]","[""Nuclear technology"",""Security clearance""]","Nuclear security programs including advanced nuclear technology development",,"https://www.energy.gov/nnsa","""2025-06-26T21:43:59.276Z""","""2025-06-26T21:43:59.276Z""","active","Nuclear Technology"
"174","EPA Office of Research and Development","EPA ORD","federal","$2.5 billion research budget","ongoing","[""Environmental Research"",""Clean Technology""]","[""Environmental research"",""Clean technology""]","Environmental research including clean energy and pollution prevention",,"https://www.epa.gov/research","""2025-06-26T21:43:59.276Z""","""2025-06-26T21:43:59.276Z""","active","Environmental R&D"
"175","HUD Office of Community Planning and Development","HUD CPD","federal","$13 billion program funding","ongoing","[""Community Development"",""Housing""]","[""Community development"",""Low-income housing""]","Community development programs including energy efficiency and resilience",,"https://www.hud.gov/program_offices/comm_planning","""2025-06-26T21:43:59.276Z""","""2025-06-26T21:43:59.276Z""","active","Community Planning"
"176","Department of Labor Green Jobs Innovation Fund","DOL","federal","$150 million workforce development","ongoing","[""Workforce Development"",""Green Jobs""]","[""Workforce training"",""Green jobs""]","Workforce development grants for green jobs and clean energy careers",,"https://www.dol.gov/agencies/eta/wia/grants","""2025-06-26T21:43:59.276Z""","""2025-06-26T21:43:59.276Z""","active","Green Workforce"
"177","National Science Foundation Clean Energy Research","NSF","federal","$8 billion research budget","ongoing","[""Basic Research"",""Clean Energy Science""]","[""Research institution"",""Scientific investigation""]","Fundamental research funding for clean energy and climate science",,"https://www.nsf.gov/funding/","""2025-06-26T21:43:59.276Z""","""2025-06-26T21:43:59.276Z""","active","Scientific Research"
"178","Department of Transportation RAISE Grants","DOT","federal","$1.5 billion transportation funding","ongoing","[""Transportation"",""Infrastructure""]","[""Transportation project"",""Infrastructure improvement""]","Infrastructure grants including electric vehicle and sustainable transportation",,"https://www.transportation.gov/RAISEgrants","""2025-06-26T21:43:59.276Z""","""2025-06-26T21:43:59.276Z""","active","Transportation Infrastructure"
"179","American Forest Foundation Family Forest Carbon Program","American Forest Foundation","private","$100 million carbon market","ongoing","[""Carbon Credits"",""Forestry""]","[""Forest ownership"",""Sustainable practices""]","Carbon credit programs for family forest owners including sustainable forestry",,"https://www.forestfoundation.org/family-forest-carbon-program","""2025-06-26T21:44:28.605Z""","""2025-06-26T21:44:28.605Z""","active","Forest Carbon"
"180","Nature Conservancy NatureVest","The Nature Conservancy","private","$2 billion investment capacity","ongoing","[""Conservation Finance"",""Natural Climate Solutions""]","[""Conservation impact"",""Environmental return""]","Conservation investments including natural climate solutions and renewable energy",,"https://www.nature.org/en-us/about-us/who-we-are/how-we-work/naturevest/","""2025-06-26T21:44:28.605Z""","""2025-06-26T21:44:28.605Z""","active","Conservation Investment"
"181","Environmental Defense Fund Climate Corps","Environmental Defense Fund","private","$500 million program","ongoing","[""Climate Solutions"",""Environmental Justice""]","[""Climate impact"",""Community benefit""]","Climate solutions deployment including clean energy and efficiency projects",,"https://www.edf.org/climate","""2025-06-26T21:44:28.605Z""","""2025-06-26T21:44:28.605Z""","active","Climate Deployment"
"182","Clean Energy States Alliance Programs","CESA","private","$10 billion state coordination","ongoing","[""State Programs"",""Clean Energy Policy""]","[""State agency"",""Clean energy program""]","Coordination of state clean energy programs and financing mechanisms",,"https://www.cesa.org/","""2025-06-26T21:44:28.605Z""","""2025-06-26T21:44:28.605Z""","active","Policy Coordination"
"183","Solar Power Industries Association Financing","SEIA","private","$200 billion market facilitation","ongoing","[""Solar Industry"",""Market Development""]","[""Solar industry"",""Market participation""]","Solar industry financing facilitation and policy advocacy",,"https://www.seia.org/initiatives/finance-tax","""2025-06-26T21:44:28.605Z""","""2025-06-26T21:44:28.605Z""","active","Solar Market"
"184","American Wind Energy Association Development","AWEA","private","$150 billion market coordination","ongoing","[""Wind Energy"",""Market Development""]","[""Wind industry"",""Market development""]","Wind energy market development and financing coordination",,"https://www.awea.org/","""2025-06-26T21:44:28.605Z""","""2025-06-26T21:44:28.605Z""","active","Wind Market"
"185","Energy Storage Association Programs","ESA","private","$50 billion market development","ongoing","[""Energy Storage"",""Market Development""]","[""Storage technology"",""Market deployment""]","Energy storage market development and deployment programs",,"https://energystorage.org/","""2025-06-26T21:44:28.605Z""","""2025-06-26T21:44:28.605Z""","active","Storage Market"
"186","Alliance for Affordable Energy Solutions","AAES","private","$25 billion advocacy impact","ongoing","[""Energy Advocacy"",""Affordability""]","[""Energy affordability"",""Policy advocacy""]","Advocacy for affordable clean energy solutions and financing",,"https://www.aaenergy.org/","""2025-06-26T21:44:28.605Z""","""2025-06-26T21:44:28.605Z""","active","Energy Advocacy"
"187","Interstate Renewable Energy Council","IREC","private","$100 million program coordination","ongoing","[""Interstate Coordination"",""Renewable Standards""]","[""Renewable energy"",""Interstate commerce""]","Interstate coordination of renewable energy programs and standards",,"https://irecusa.org/","""2025-06-26T21:44:28.605Z""","""2025-06-26T21:44:28.605Z""","active","Renewable Coordination"
"188","National Association of State Energy Officials","NASEO","private","$5 billion state program coordination","ongoing","[""State Energy Programs"",""Federal Coordination""]","[""State energy office"",""Program coordination""]","Coordination of state energy programs and federal funding distribution",,"https://www.naseo.org/","""2025-06-26T21:44:28.605Z""","""2025-06-26T21:44:28.605Z""","active","State Energy Coordination"
"189","DOE Geothermal Technologies Office","Department of Energy","federal","$84 million program funding","ongoing","[""Geothermal Energy"",""Research & Development""]","[""Geothermal technology"",""Research capability""]","Research and development funding for geothermal energy technologies",,"https://www.energy.gov/eere/geothermal","""2025-06-26T21:45:08.883Z""","""2025-06-26T21:45:08.883Z""","active","Geothermal"
"190","DOE Water Power Technologies Office","Department of Energy","federal","$150 million marine energy","ongoing","[""Marine Energy"",""Hydrokinetic""]","[""Marine energy technology"",""Water power""]","Funding for marine and hydrokinetic energy technologies",,"https://www.energy.gov/eere/water","""2025-06-26T21:45:08.883Z""","""2025-06-26T21:45:08.883Z""","active","Marine Energy"
"191","USDA Forest Service Carbon Utilization","USDA Forest Service","federal","$50 million carbon program","ongoing","[""Forest Carbon"",""Biomass Energy""]","[""Forest management"",""Carbon utilization""]","Forest carbon utilization and biomass energy development programs",,"https://www.fs.usda.gov/research/treesearch/carbon","""2025-06-26T21:45:08.883Z""","""2025-06-26T21:45:08.883Z""","active","Forest Biomass"
"192","Department of Interior Critical Minerals","DOI","federal","$140 million mining program","ongoing","[""Critical Minerals"",""Supply Chain""]","[""Mining operation"",""Critical minerals""]","Critical minerals development for clean energy supply chains",,"https://www.doi.gov/critical-minerals","""2025-06-26T21:45:08.883Z""","""2025-06-26T21:45:08.883Z""","active","Critical Materials"
"193","NASA Climate Change and Global Warming","NASA","federal","$2 billion earth science","ongoing","[""Earth Science"",""Climate Research""]","[""Climate research"",""Earth observation""]","Earth science research including climate monitoring and clean energy applications",,"https://climate.nasa.gov/","""2025-06-26T21:45:08.883Z""","""2025-06-26T21:45:08.883Z""","active","Climate Science"
"194","New York Green Bank Commercial Finance","NY Green Bank","state","$1 billion financing capacity","ongoing","[""Commercial Finance"",""Clean Energy""]","[""New York business"",""Clean energy project""]","Commercial clean energy financing for New York businesses",,"https://greenbank.ny.gov/","""2025-06-26T21:45:08.883Z""","""2025-06-26T21:45:08.883Z""","active","Green Banking"
"195","Rhode Island Infrastructure Bank","RI Infrastructure Bank","state","$500 million financing","ongoing","[""Infrastructure Finance"",""Clean Energy""]","[""Rhode Island project"",""Infrastructure improvement""]","Infrastructure financing including clean energy and efficiency projects",,"https://www.riib.org/","""2025-06-26T21:45:08.883Z""","""2025-06-26T21:45:08.883Z""","active","Infrastructure Banking"
"196","Massachusetts Clean Energy Center","MassCEC","state","$1.5 billion clean energy investment","ongoing","[""Clean Energy Development"",""Innovation""]","[""Massachusetts location"",""Clean energy innovation""]","Comprehensive clean energy development and financing programs",,"https://www.masscec.com/","""2025-06-26T21:45:08.883Z""","""2025-06-26T21:45:08.883Z""","active","State Clean Energy"
"197","Vermont Public Utility Commission","Vermont PUC","state","$200 million renewable programs","ongoing","[""Renewable Energy"",""Utility Regulation""]","[""Vermont utility"",""Renewable energy""]","Renewable energy and efficiency programs for Vermont utilities",,"https://puc.vermont.gov/","""2025-06-26T21:45:08.883Z""","""2025-06-26T21:45:08.883Z""","active","State Utility Programs"
"198","Delaware Sustainable Energy Utility","Delaware SEU","state","$100 million efficiency programs","ongoing","[""Energy Efficiency"",""State Programs""]","[""Delaware location"",""Energy efficiency""]","Statewide energy efficiency and renewable energy programs",,"https://www.energizedelaware.org/","""2025-06-26T21:45:08.883Z""","""2025-06-26T21:45:08.883Z""","active","State Energy Utility"
"199","NYC Carbon Challenge","NYC Mayor's Office","local","$1 billion commitment tracking","ongoing","[""Carbon Reduction"",""Large Buildings""]","[""NYC building"",""Large building owner""]","Voluntary program for large buildings to reduce carbon emissions by 30% by 2030",,"https://www.nyc.gov/site/sustainability/codes/retrofit/carbon-challenge.page","""2025-06-26T21:54:01.386Z""","""2025-06-26T21:54:01.386Z""","active","Carbon Management"
"200","NYC Retrofit Accelerator","NYC Accelerator","local","$100 million facilitated financing","ongoing","[""Building Retrofit"",""Technical Assistance""]","[""NYC building"",""Energy retrofit""]","Free technical assistance and financing facilitation for building energy retrofits",,"https://accelerator.nyc/","""2025-06-26T21:54:01.386Z""","""2025-06-26T21:54:01.386Z""","active","Building Efficiency"
"201","Westchester County Energy Efficiency Program","Westchester County","local","$50 million program","ongoing","[""Energy Efficiency"",""Commercial Buildings""]","[""Westchester County"",""Commercial property""]","County-wide energy efficiency incentives and financing for commercial buildings",,"https://www.westchestergov.com/environment/energy","""2025-06-26T21:54:01.386Z""","""2025-06-26T21:54:01.386Z""","active","County Energy"
"202","Suffolk County Green Infrastructure","Suffolk County","local","$25 million infrastructure fund","ongoing","[""Green Infrastructure"",""Renewable Energy""]","[""Suffolk County"",""Green infrastructure""]","Green infrastructure grants including renewable energy and efficiency projects",,"https://www.suffolkcountyny.gov/environment","""2025-06-26T21:54:01.386Z""","""2025-06-26T21:54:01.386Z""","active","Green Infrastructure"
"203","Nassau County Sustainability Initiative","Nassau County","local","$30 million sustainability program","ongoing","[""Sustainability"",""Clean Energy""]","[""Nassau County"",""Sustainability project""]","County sustainability grants and incentives for clean energy projects",,"https://www.nassaucountyny.gov/sustainability","""2025-06-26T21:54:01.386Z""","""2025-06-26T21:54:01.386Z""","active","County Sustainability"
"204","RGGI Auction Proceeds Investment","RGGI States","state","$15 billion multi-state fund","ongoing","[""Regional Climate"",""Multi-State""]","[""RGGI state"",""Climate investment""]","Regional Greenhouse Gas Initiative proceeds invested in clean energy across participating states",,"https://www.rggi.org/investments","""2025-06-26T21:54:01.386Z""","""2025-06-26T21:54:01.386Z""","active","Regional Climate"
"205","Northeast States Collaborative Clean Energy","Northeast States","state","$5 billion regional coordination","ongoing","[""Multi-State"",""Clean Energy Policy""]","[""Northeast state"",""Clean energy program""]","Multi-state coordination of clean energy programs and policies",,"https://www.cleanenergystates.org/","""2025-06-26T21:54:01.386Z""","""2025-06-26T21:54:01.386Z""","active","Regional Coordination"
"206","New York Green Jobs-Green New York Financing","NYSERDA","state","$200 million financing pool","ongoing","[""On-Bill Financing"",""Energy Efficiency""]","[""New York property"",""Energy improvements""]","On-bill financing for comprehensive energy efficiency improvements statewide",,"https://www.nyserda.ny.gov/gjgny","""2025-06-26T21:54:01.386Z""","""2025-06-26T21:54:01.386Z""","active","Energy Finance"
"207","NY Prize Community Microgrid Competition","NYSERDA","state","$40 million microgrid funding","ongoing","[""Microgrids"",""Community Energy""]","[""New York community"",""Microgrid project""]","Funding for community microgrid feasibility studies and implementation",,"https://www.nyserda.ny.gov/All-Programs/NY-Prize","""2025-06-26T21:54:01.386Z""","""2025-06-26T21:54:01.386Z""","active","Microgrids"
"208","NY Truck Voucher Incentive Program","NYSERDA","state","$65 million electric truck program","ongoing","[""Electric Vehicles"",""Commercial Transportation""]","[""New York business"",""Commercial vehicle""]","Vouchers for medium and heavy-duty electric vehicle purchases in New York",,"https://www.nyserda.ny.gov/All-Programs/Truck-Voucher-Program","""2025-06-26T21:54:01.386Z""","""2025-06-26T21:54:01.386Z""","active","Electric Commercial Vehicles"
"209","NYC Benchmarking and Disclosure Law","NYC Buildings","local","$500 million compliance market","ongoing","[""Building Compliance"",""Energy Benchmarking""]","[""NYC large building"",""25000+ sq ft""]","Required energy benchmarking for large buildings driving efficiency investments",,"https://www.nyc.gov/site/buildings/property-or-business-owner/benchmarking.page","""2025-06-26T21:54:23.373Z""","""2025-06-26T21:54:23.373Z""","active","Building Performance"
"210","Rochester Energy Efficiency Program","City of Rochester","local","$20 million city program","ongoing","[""Municipal Programs"",""Energy Efficiency""]","[""Rochester business"",""Energy efficiency""]","Municipal energy efficiency incentives and financing for Rochester businesses",,"https://www.cityofrochester.gov/sustainability/","""2025-06-26T21:54:23.373Z""","""2025-06-26T21:54:23.373Z""","active","City Energy"
"211","Syracuse Green Infrastructure Program","City of Syracuse","local","$15 million infrastructure fund","ongoing","[""Green Infrastructure"",""Municipal""]","[""Syracuse area"",""Green infrastructure""]","Green infrastructure grants and incentives for Syracuse area projects",,"https://www.syracuse.ny.us/sustainability/","""2025-06-26T21:54:23.373Z""","""2025-06-26T21:54:23.373Z""","active","City Infrastructure"
"212","Buffalo Solar Program","City of Buffalo","local","$10 million solar initiative","ongoing","[""Solar Energy"",""Municipal Programs""]","[""Buffalo resident"",""Solar installation""]","City-sponsored solar incentives and group purchasing programs",,"https://www.buffalony.gov/sustainability","""2025-06-26T21:54:23.373Z""","""2025-06-26T21:54:23.373Z""","active","Municipal Solar"
"213","Yonkers Sustainability Initiative","City of Yonkers","local","$8 million sustainability fund","ongoing","[""Sustainability"",""Municipal Programs""]","[""Yonkers location"",""Sustainability project""]","Municipal sustainability grants and clean energy incentives",,"https://www.yonkersny.gov/government/departments/planning/sustainability","""2025-06-26T21:54:23.373Z""","""2025-06-26T21:54:23.373Z""","active","City Sustainability"
"214","NY State Clean Energy Fund","NYSERDA","state","$5 billion clean energy investment","ongoing","[""Clean Energy Market"",""Technology Deployment""]","[""New York market"",""Clean energy technology""]","Comprehensive clean energy market development and technology deployment fund",,"https://www.nyserda.ny.gov/About/Clean-Energy-Fund","""2025-06-26T21:54:23.373Z""","""2025-06-26T21:54:23.373Z""","active","Clean Energy Fund"
"215","NY Climate Leadership and Community Protection Act","New York State","state","$33 billion climate investment","ongoing","[""Climate Law"",""Clean Energy Investment""]","[""New York state"",""Climate compliance""]","Statewide climate law driving massive clean energy investments and programs",,"https://climate.ny.gov/","""2025-06-26T21:54:23.373Z""","""2025-06-26T21:54:23.373Z""","active","Climate Investment"
"216","Empire State Development Strategic Investment Program","NY ESD","state","$750 million economic development","ongoing","[""Economic Development"",""Strategic Investment""]","[""New York business"",""Strategic industry""]","Strategic investments in key industries including clean energy and advanced manufacturing",,"https://esd.ny.gov/doing-business/incentives-tax-credits","""2025-06-26T21:54:23.373Z""","""2025-06-26T21:54:23.373Z""","active","Economic Development"
"217","Long Island Power Authority Customer Programs","LIPA","utility","$200 million customer programs","ongoing","[""Customer Programs"",""Utility Incentives""]","[""Long Island customer"",""LIPA service territory""]","Comprehensive customer energy efficiency and renewable energy programs",,"https://www.lipower.org/efficiency-programs/","""2025-06-26T21:54:23.373Z""","""2025-06-26T21:54:23.373Z""","active","Utility Customer Programs"
"218","NY Independent System Operator Market Programs","NYISO","utility","$2 billion market facilitation","ongoing","[""Market Programs"",""Grid Services""]","[""Market participant"",""Grid services""]","Wholesale electricity market programs including demand response and capacity markets",,"https://www.nyiso.com/markets-operations","""2025-06-26T21:54:23.373Z""","""2025-06-26T21:54:23.373Z""","active","Electricity Markets"
"219","Transportation and Climate Initiative","TCI States","state","$300 million regional program","ongoing","[""Transportation"",""Multi-State Climate""]","[""TCI state"",""Transportation project""]","Multi-state transportation and climate initiative for clean transportation investments",,"https://www.transportationandclimate.org/","""2025-06-26T21:54:45.326Z""","""2025-06-26T21:54:45.326Z""","active","Regional Transportation"
"220","Northeast Energy Efficiency Partnerships","NEEP","private","$100 million coordination","ongoing","[""Regional Efficiency"",""Partnership""]","[""Northeast state"",""Energy efficiency""]","Regional coordination of energy efficiency programs across Northeast states",,"https://neep.org/","""2025-06-26T21:54:45.326Z""","""2025-06-26T21:54:45.326Z""","active","Regional Efficiency"
"221","ISO New England Forward Capacity Market","ISO-NE","utility","$5 billion capacity market","ongoing","[""Capacity Market"",""Grid Services""]","[""New England participant"",""Grid resources""]","Regional electricity capacity market including demand response and energy storage",,"https://www.iso-ne.com/markets-operations/markets/","""2025-06-26T21:54:45.326Z""","""2025-06-26T21:54:45.326Z""","active","Regional Grid"
"222","Connecticut Green Bank Residential Solar","CT Green Bank","state","$500 million solar financing","ongoing","[""Solar Financing"",""Residential Solar""]","[""Connecticut property"",""Solar installation""]","Comprehensive residential and commercial solar financing programs",,"https://www.ctgreenbank.com/solar/","""2025-06-26T21:54:45.326Z""","""2025-06-26T21:54:45.326Z""","active","Solar Finance"
"223","New Jersey Clean Energy Program Solar","NJ BPU","state","$1 billion solar incentives","ongoing","[""Solar Incentives"",""Net Metering""]","[""New Jersey property"",""Solar system""]","Comprehensive solar incentive programs including net metering and rebates",,"https://www.njcleanenergy.com/renewable-energy/programs/solar-programs","""2025-06-26T21:54:45.326Z""","""2025-06-26T21:54:45.326Z""","active","Solar Programs"
"224","Vermont Comprehensive Energy Plan","Vermont State","state","$200 million energy transformation","ongoing","[""Energy Planning"",""Renewable Transition""]","[""Vermont location"",""Energy transition""]","Statewide comprehensive energy planning with renewable energy goals",,"https://puc.vermont.gov/energy-plan","""2025-06-26T21:54:45.326Z""","""2025-06-26T21:54:45.326Z""","active","State Energy Planning"
"225","Massachusetts Green Communities Program","Massachusetts DOER","state","$150 million municipal grants","ongoing","[""Municipal Grants"",""Green Communities""]","[""Massachusetts municipality"",""Clean energy project""]","Grant program for municipalities to implement clean energy projects",,"https://www.mass.gov/green-communities","""2025-06-26T21:54:45.326Z""","""2025-06-26T21:54:45.326Z""","active","Municipal Energy"
"226","Rhode Island Renewable Energy Fund","Rhode Island OER","state","$100 million renewable fund","ongoing","[""Renewable Energy Fund"",""State Investment""]","[""Rhode Island project"",""Renewable energy""]","State renewable energy development fund supporting various clean energy projects",,"https://www.energy.ri.gov/","""2025-06-26T21:54:45.326Z""","""2025-06-26T21:54:45.326Z""","active","State Renewable Fund"
"227","New Hampshire Public Utilities Commission","New Hampshire PUC","state","$80 million efficiency programs","ongoing","[""Utility Programs"",""State Regulation""]","[""New Hampshire utility"",""Energy programs""]","State utility commission energy efficiency and renewable energy programs",,"https://www.puc.nh.gov/","""2025-06-26T21:54:45.326Z""","""2025-06-26T21:54:45.326Z""","active","State Utility Programs"
"228","Maine Efficiency Maine Trust","Efficiency Maine","state","$120 million efficiency trust","ongoing","[""Efficiency Trust"",""State Programs""]","[""Maine resident"",""Energy efficiency""]","Statewide energy efficiency trust providing rebates and financing",,"https://www.efficiencymaine.com/","""2025-06-26T21:54:45.326Z""","""2025-06-26T21:54:45.326Z""","active","State Efficiency Trust"
"229","Northeast Clean Energy Council","NECEC","private","$50 million industry coordination","ongoing","[""Industry Association"",""Regional Development""]","[""Northeast business"",""Clean energy industry""]","Regional clean energy industry association coordinating development across Northeast",,"https://www.necec.org/","""2025-06-26T21:55:30.205Z""","""2025-06-26T21:55:30.205Z""","active","Industry Coordination"
"230","New York Battery and Energy Storage Technology Consortium","NY-BEST","private","$25 million technology development","ongoing","[""Energy Storage Technology"",""Technology Development""]","[""New York organization"",""Storage technology""]","New York consortium advancing battery and energy storage technologies",,"https://ny-best.org/","""2025-06-26T21:55:30.205Z""","""2025-06-26T21:55:30.205Z""","active","Storage Technology"
"231","Advanced Energy Research and Technology Center","AERTC","private","$40 million research center","ongoing","[""Research Center"",""Technology Commercialization""]","[""Research capability"",""Technology commercialization""]","SUNY Stony Brook advanced energy research and commercialization center",,"https://www.aertc.org/","""2025-06-26T21:55:30.205Z""","""2025-06-26T21:55:30.205Z""","active","Energy Research"
"232","New York State Energy Planning Board","NYS Energy Planning","state","$100 million planning coordination","ongoing","[""Energy Planning"",""Policy Development""]","[""New York planning"",""Energy policy""]","Statewide energy planning coordination and policy development",,"https://www.nyserda.ny.gov/About/Planning","""2025-06-26T21:55:30.205Z""","""2025-06-26T21:55:30.205Z""","active","Energy Policy"
"233","Multi-State ZEV Action Plan","Multi-State ZEV","state","$2 billion ZEV coordination","ongoing","[""Zero Emission Vehicles"",""Multi-State Coordination""]","[""ZEV state"",""Electric vehicle deployment""]","Multi-state zero emission vehicle deployment coordination and planning",,"https://www.zevstates.us/","""2025-06-26T21:55:30.205Z""","""2025-06-26T21:55:30.205Z""","active","ZEV Coordination"
"234","Northeast States for Coordinated Air Use Management","NESCAUM","state","$150 million air quality programs","ongoing","[""Air Quality"",""Clean Transportation""]","[""Northeast state"",""Air quality improvement""]","Multi-state air quality management including clean transportation programs",,"https://www.nescaum.org/","""2025-06-26T21:55:30.205Z""","""2025-06-26T21:55:30.205Z""","active","Air Quality Management"
"235","Great Lakes and St. Lawrence Cities Initiative","GLSLCI","local","$200 million binational coordination","ongoing","[""Binational Climate"",""Mayor Network""]","[""Great Lakes city"",""Climate action""]","Binational network of mayors advancing climate and clean energy solutions",,"https://glslcities.org/","""2025-06-26T21:55:30.205Z""","""2025-06-26T21:55:30.205Z""","active","Binational Climate"
"236","New York Power Authority Strategic Vision 2030","NYPA","state","$10 billion transformation plan","ongoing","[""Utility Transformation"",""Digital Grid""]","[""New York utility"",""Grid modernization""]","Comprehensive transformation to digital utility with clean energy focus",,"https://www.nypa.gov/about/strategic-vision-2030","""2025-06-26T21:55:30.205Z""","""2025-06-26T21:55:30.205Z""","active","Utility Modernization"
"237","NY Build Back Better Regional Challenge","NY State","state","$500 million federal coordination","ongoing","[""Federal Coordination"",""Regional Development""]","[""Regional development"",""Federal funding""]","Coordination of federal Build Back Better funding for regional economic development",,"https://esd.ny.gov/build-back-better/","""2025-06-26T21:55:30.205Z""","""2025-06-26T21:55:30.205Z""","active","Federal Program Coordination"
"238","Climate Finance Facility New York","Climate Finance NY","private","$1 billion climate finance","ongoing","[""Climate Finance"",""Investment Facility""]","[""Climate investment"",""Finance facility""]","Climate finance facility supporting clean energy and resilience investments",,"https://www.climatecentral.org/","""2025-06-26T21:55:30.205Z""","""2025-06-26T21:55:30.205Z""","active","Climate Finance"